BE:
    BRU:
      default: Bruxelles-Capitale
      alt_de: Brüssel-Hauptstadt
      alt_en: Brussels-Capital
      alt_nl: Brussel-Hoofdstad
    VAN:
      default: Antwerpen
      alt_en: Antwerp
      alt_fr: Anvers
    VBR:
      default: Vlaams Brabant
      alt_en: Flemish Brabant
      alt_fr: Brabant flamand
    VLI:
      default: Limburg
      alt_fr: Limbourg
    VOV:
      default: Oost-Vlaanderen
      alt_en: East Flanders
      alt_fr: Flandre orientale
    VWV:
      default: West-Vlaanderen
      alt_en: West Flanders
      alt_fr: Flandre-Occidentale
    WBR:
      default: Brabant wallon
      alt_en: Walloon Brabant
      alt_nl: Waals-Brabant
    WHT:
      default: Hainaut
      alt_nl: Henegouwen
    WLG:
      default: Liège
      alt_de: Lüttich
      alt_nl: Luik
    WLX:
      default: Luxembourg
      alt_de: Luxemburg
      alt_nl: Luxemburg
    WNA:
      default: Namur
      alt_nl: Namen
ES:
    A: Alicante
    AB: Albacete
    AL: Almería
    AV: Ávila
    B:
      default: Barcelonés
      alt_ca: Barcelonès
    BA: Badajoz
    BI: Vizcaya
    BU: Burgos
    C: A Coruña
    CA: Cádiz
    CC: Cáceres
    CO: Córdoba
    CR: Ciudad Real
    CS: Castellón
    CU: Cuenca
    GC: Las Palmas
    GI:
      default: Gironés
      alt_ca: Gironès
      alt_en: Girona
    GR: Granada
    GU: Guadalajara
    H: Huelva
    HU: Huesca
    J: Jaén
    L:
      default: Lérida
      alt_ca: Lleida
    LE: León
    LO: La Rioja
    LU: Lugo
    M: Comunidad de Madrid
    MA: Málaga
    MU: Región de Murcia
    NA: Navarra
    O: Asturias
    OR: Ourense
    P: Palencia
    PM: Islas Baleares
    PO: Pontevedra
    S: Cantabria
    SA: Salamanca
    SE: Sevilla
    SG: Segovia
    SO: Soria
    SS: Guipúzcoa
    T: Tarragona
    TE: Teruel
    TF: Santa Cruz de Tenerife
    TO: Toledo
    V: Valencia
    VA: Valladolid
    VI: Álava
    Z: Zaragoza
    ZA: Zamora
GB:
    ABC: County Armagh
    ABD: Aberdeenshire
    ABE: Aberdeen City
    AGB: Argyll and Bute
    AGY: Isle of Anglesey
    AND: Ards and North Down
    ANN: Antrim and Newtownabbey
    ANS: Angus
    ARM: Armagh
    BAS: Bath and North East Somerset
    BBD: Blackburn with Darwen
    BDF: Bedford
    BDG: London Borough of Barking and Dagenham
    BEN: London Borough of Brent
    BEX: London Borough of Bexley
    BFS: Belfast
    BGE: Bridgend
    BGW: Blaenau Gwent
    BIR: Birmingham
    BKM: Buckinghamshire
    BMH: Bournemouth
    BNE: London Borough of Barnet
    BNH: Brighton and Hove
    BNS: Barnsley
    BOL: Bolton
    BPL: Blackpool
    BRC: Bracknell Forest
    BRD: Bradford
    BRY: London Borough of Bromley
    BST: City of Bristol
    BUR: Bury
    CAM: Cambridgeshire
    CAY: Caerphilly
    CBF: Central Bedfordshire
    CCG: Causeway Coast and Glens
    CGN: Ceredigion
    CHE: Cheshire East
    CHW: Cheshire West and Chester
    CLD: Calderdale
    CLK: Clackmannanshire
    CMA: Cumbria
    CMD: London Borough of Camden
    CMN: Carmarthenshire
    CON: Cornwall
    COV: Coventry
    CRF: Cardiff
    CRY: London Borough of Croydon
    CWY: Conwy
    DAL: Darlington
    DBY: Derbyshire
    DEN: Denbighshire
    DER: Derby
    DEV: Devon
    DGY: Dumfries and Galloway
    DNC: Doncaster
    DND: Dundee City
    DOR: Dorset
    DRS: Derry and Strabane
    DUD: Dudley
    DUR: Durham
    EAL: London Borough of Ealing
    EAY: East Ayrshire
    EDH: City of Edinburgh
    EDU: East Dunbartonshire
    ELN: East Lothian
    ELS: Eilean Siar
    ENF: Enfield
    ERW: East Renfrewshire
    ERY: East Riding of Yorkshire
    ESS: Essex
    ESX: East Sussex
    FAL: Falkirk
    FIF: Fife
    FLN: Flintshire
    FMO: Fermanagh and Omagh
    GAT: Gateshead
    GLG: Glasgow City
    GLS: Gloucestershire
    GRE: Royal Borough of Greenwich
    GWN: Gwynedd
    HAL: Halton
    HAM: Hampshire
    HAV: London Borough of Havering
    HCK: London Borough of Hackney
    HEF: Herefordshire
    HIL: London Borough of Hillingdon
    HLD: Highland
    HMF: London Borough of Hammersmith and Fulham
    HNS: London Borough of Hounslow
    HPL: Hartlepool
    HRT: Hertfordshire
    HRW: London Borough of Harrow
    HRY: London Borough of Haringey
    IOS: Isles of Scilly
    IOW: Isle of Wight
    ISL: London Borough of Islington
    IVC: Inverclyde
    KEC: Royal Borough of Kensington and Chelsea
    KEN: Kent
    KHL: Kingston upon Hull
    KIR: Kirklees
    KTT: Royal Borough of Kingston upon Thames
    KWL: Knowsley
    LAN: Lancashire
    LBC: Lisburn and Castlereagh
    LBH: London Borough of Lambeth
    LCE: Leicester
    LDS: Leeds
    LEC: Leicestershire
    LEW: London Borough of Lewisham
    LIN: Lincolnshire
    LIV: Liverpool
    LND: City of London
    LUT: Luton
    MAN: Manchester
    MDB: Middlesbrough
    MDW: Medway
    MEA: Mid and East Antrim
    MIK: Milton Keynes
    MLN: Midlothian
    MON: Monmouthshire
    MRT: London Borough of Merton
    MRY: Moray
    MTY: Merthyr Tydfil
    MUL: Mid Ulster
    NAY: North Ayrshire
    NBL: Northumberland
    NEL: North East Lincolnshire
    NET: Newcastle upon Tyne
    NFK: Norfolk
    NGM: Nottingham
    NLK: North Lanarkshire
    NLN: North Lincolnshire
    NMD: County Down
    NSM: North Somerset
    NTH: Northamptonshire
    NTL: Neath Port Talbot
    NTT: Nottinghamshire
    NTY: North Tyneside
    NWM: London Borough of Newham
    NWP: Newport
    NYK: North Yorkshire
    OLD: Oldham
    ORK: Orkney Islands
    OXF: Oxfordshire
    PEM: Pembrokeshire
    PKN: Perth and Kinross
    PLY: Plymouth
    POL: Poole
    POR: Portsmouth
    POW: Powys
    PTE: Peterborough
    RCC: Redcar and Cleveland
    RCH: Rochdale
    RCT: Rhondda Cynon Taf
    RDB: London Borough of Redbridge
    RDG: Reading
    RFW: Renfrewshire
    RIC: London Borough of Richmond upon Thames
    ROT: Rotherham
    RUT: Rutland
    SAW: Sandwell
    SAY: South Ayrshire
    SCB: Scottish Borders
    SFK: Suffolk
    SFT: Sefton
    SGC: South Gloucestershire
    SHF: Sheffield
    SHN: St. Helens
    SHR: Shropshire
    SKP: Stockport
    SLF: Salford
    SLG: Slough
    SLK: South Lanarkshire
    SND: Sunderland
    SOL: Solihull
    SOM: Somerset
    SOS: Southend-on-Sea
    SRY: Surrey
    STE: Stoke-on-Trent
    STG: Stirling
    STH: Southampton
    STN: London Borough of Sutton
    STS: Staffordshire
    STT: Stockton-on-Tees
    STY: South Tyneside
    SWA: Swansea
    SWD: Swindon
    SWK: London Borough of Southwark
    TAM: Tameside
    TFW: Telford and Wrekin
    THR: Thurrock
    TOB: Torbay
    TOF: Torfaen
    TRF: Trafford
    TWH: London Borough of Tower Hamlets
    VGL: Vale of Glamorgan
    WAR: Warwickshire
    WBK: West Berkshire
    WDU: West Dunbartonshire
    WFT: London Borough of Waltham Forest
    WGN: Wigan
    WIL: Wiltshire
    WKF: Wakefield
    WLL: Walsall
    WLN: West Lothian
    WLV: Wolverhampton
    WND: London Borough of Wandsworth
    WNM: Windsor and Maidenhead
    WOK: Wokingham
    WOR: Worcestershire
    WRL: Wirral
    WRT: Warrington
    WRX: Wrexham
    WSM: Westminster
    WSX: West Sussex
    YOR: York
    ZET: Shetland Islands
IE:
    CE: County Clare
    CN: County Cavan
    CO: County Cork
    CW: County Carlow
    D: County Dublin
    DL: County Donegal
    G: County Galway
    KE: County Kildare
    KK: County Kilkenny
    KY: County Kerry
    LD: County Longford
    LH: County Louth
    LK: County Limerick
    LM: County Leitrim
    LS: County Laois
    MH: County Meath
    MN: County Monaghan
    MO: County Mayo
    OY: County Offaly
    RN: County Roscommon
    SO: County Sligo
    TA: County Tipperary
    WD: County Waterford
    WH: County Westmeath
    WW: County Wicklow
    WX: County Wexford    
IT:
    # Italian Province abbreviations
    # https://en.wikipedia.org/wiki/Provinces_of_Italy
    AG: Agrigento
    AL: Alessandria
    AN: Ancona
    AO: Aosta
    AP: Ascoli Piceno
    AQ: L\'Aquila
    AR: Arezzo
    AT: Asti
    AV: Avellino
    BA: Bari
    BG: Bergamo
    BI: Biella
    BL: Belluno
    BN: Benevento
    BO: Bologna
    BR: Brindisi
    BS: Brescia
    BT: Barletta-Andria-Trani
    BZ:
      default: Bolzano - Bozen
      alt_de: Südtirol
      alt_en: South Tyrol
      alt_it: Bolzano
    CA: Cagliari
    CB: Campobasso
    CE: Caserta
    CH: Chieti
    CI: Carbonia-Iglesias
    CL: Caltanissetta
    CN: Cuneo
    CO: Como
    CR: Cremona
    CS: Cosenza
    CT: Catania
    CZ: Catanzaro
    EN: Enna
    FC: Forlì-Cesena
    FE: Ferrara
    FG: Foggia
    FI: Firenze
    FM: Fermo
    FR: Frosinone
    GE: Genova
    GO: Gorizia
    GR: Grosseto
    IM: Imperia
    IS: Isernia
    KR: Crotone
    LC: Lecco
    LE: Lecce
    LI: Livorno
    LO: Lodi
    LT: Latina
    LU: Lucca
    MB: Monza e della Brianza
    MC: Macerata
    ME: Messina
    MI: Milano
    MN: Mantova
    MO: Modena
    MS: Massa-Carrara
    MT: Matera
    NA: Napoli
    NO: Novara
    NU: Nuoro
    OG: Ogliastra
    OR: Oristano
    OT: Olbia-Tempio
    PA: Palermo
    PC: Piacenza
    PD: Padova
    PE: Pescara
    PG: Perugia
    PI: Pisa
    PN: Pordenone
    PO: Prato
    PR: Parma
    PT: Pistoia
    PU: Pesaro e Urbino
    PV: Pavia
    PZ: Potenza
    RA: Ravenna
    RC: Reggio Calabria
    RE: Reggio Emilia
    RG: Ragusa
    RI: Rieti
    RM: Roma Capitale
    RN: Rimini
    RO: Rovigo
    SA: Salerno
    SI: Siena
    SO: Sondrio
    SP: La Spezia
    SR: Siracusa
    SS: Sassari
    SV: Savona
    TA: Taranto
    TE: Teramo
    TN: Provincia di Trento
    TO: Provincia di Torino
    TP: Trapani
    TR: Terni
    TS: Trieste
    TV: Treviso
    UD: Udine
    VA: Varese
    VB: Verbano-Cusio-Ossola
    VC: Vercelli
    VE: Venezia
    VI: Vicenza
    VR: Verona
    VS: Medio Campidano
    VT: Viterbo
    VV: Vibo Valentia
LU:
    CA:
      default: Canton Capellen
      alt_de: Kanton Kapellen
    CL:
      default: Canton Clervaux
      alt_de: Kanton Clerf
    DI:
      default: Canton Diekirch
      alt_de: Kanton Diekirch
    EC:
      default: Canton Echternach
      alt_de: Kanton Echternach
    ES:
      default: Canton Esch-sur-Alzette
      alt_de: Kanton Esch an der Alzette
    GR:
      default: Canton Grevenmacher
      alt_de: Kanton Grevenmacher
    LU:
      default: Canton Luxembourg
      alt_de: Kanton Luxemburg
    ME:
      default: Canton Mersch
      alt_de: Kanton Mersch
    RD:
      default: Canton Redange
      alt_de: Kanton Redingen
    RM:
      default: Canton Remich
      alt_de: Kanton Remich
    VD:
      default: Canton Vianden
      alt_de: Kanton Vianden
    WI:
      default: Canton Wiltz
      alt_de: Kanton Wiltz
