AM:
    AG: Aragac̣otn
    AR: Ararat
    AV: Armavir
    ER: Erevan
    GR: Geġark'unik'
    KT: Kotayk'
    LO: Loṙi
    SH: Širak
    SU: Syunik'
    TV: Tavuš
    VD: Vayoć Jor
AO:
    BGO: Bengo
    BGU: Benguela
    BIE: Bié
    CAB: Cabinda
    CCU: Kuando Kubango
    CNN: Cunene
    CNO: Kwanza Norte
    CUS: Kwanza Sul
    HUA: Huambo
    HUI: Huíla
    LNO: Lunda Norte
    LSU: Lunda Sul
    LUA: Luanda
    MAL: Malange
    MOX: Moxico
    NAM: Namibe
    UIG: Uíge
    ZAI: Zaire
AR:
    A: Salta
    B: Buenos Aires
    C:
      default: Ciudad Autónoma de Buenos Aires
      alt_en: Autonomous City of Buenos Aires      
    D: San Luis
    E:
      default: Entre Ríos
      alt_en: Entre Ríos Province
    F: La Rioja
    G: Santiago del Estero
    H: Chaco
    J: San Juan
    K: Catamarca
    L: La Pampa
    M: Mendoza
    N: Misiones
    P: Formosa
    Q:
      default: Neuquén
      alt_en: Neuquén Province
    R:
      default: Río Negro
      alt_en: Río Negro Province
    S: Santa Fe
    T: Tucumán
    U: Chubut
    V:
      default: Tierra del Fuego
      alt_en: Tierra del Fuego Province
    W: Corrientes
    X: Córdoba
    Y: Jujuy
    Z:
      default: Santa Cruz
      alt_en: Santa Cruz Province
AU:
    # https://en.wikipedia.org/wiki/States_and_territories_of_Australia
    AAT: Australian Antarctic Territory
    ACT: Australian Capital Territory
    HIMI: Heard Island and McDonald Islands
    JBT: Jervis Bay Territory
    NSW: New South Wales
    NT: Northern Territory
    QLD: Queensland
    SA: South Australia
    TAS: Tasmania
    VIC: Victoria
    WA: Western Australia
AZ:
    ABS: Abşeron
    AGA: Ağstafa
    AGC: Ağcabədi
    AGM: Ağdam
    AGS: Ağdaş
    AGU: Ağsu
    AST: Astara
    BA: Bakı
    BAB: Babək
    BAL: Balakən
    BAR: Bərdə
    BEY: Beyləqan
    BIL: Biləsuvar
    CAB: Cəbrayıl
    CAL: Cəlilabad
    CUL: Culfa
    DAS: Daşkəsən
    FUZ: Füzuli
    GA: Gəncə
    GAD: Gədəbəy
    GOR: Goranboy
    GOY: Göyçay
    GYG: Göygöl
    HAC: Hacıqabul
    IMI: İmişli
    ISM: İsmayıllı
    KAL: Kəlbəcər
    KAN: Kǝngǝrli
    KUR: Kürdəmir
    LA: Lənkəran
    LAC: Laçın
    LAN: Lənkəran
    LER: Lerik
    MAS: Masallı
    MI: Mingəçevir
    NA: Naftalan
    NEF: Neftçala
    NV: Naxçıvan
    NX: Naxçıvan
    OGU: Oğuz
    ORD: Ordubad
    QAB: Qəbələ
    QAX: Qax
    QAZ: Qazax
    QBA: Quba
    QBI: Qubadlı
    QOB: Qobustan
    QUS: Qusar
    SA: Şəki
    SAB: Sabirabad
    SAD: Sədərək
    SAH: Şahbuz
    SAK: Şəki
    SAL: Salyan
    SAR: Şərur
    SAT: Saatlı
    SBN: Şabran
    SIY: Siyəzən
    SKR: Şəmkir
    SM: Sumqayıt
    SMI: Şamaxı
    SMX: Samux
    SR: Şirvan
    SUS: Şuşa
    TAR: Tərtər
    TOV: Tovuz
    UCA: Ucar
    XA: Xankəndi
    XAC: Xaçmaz
    XCI: Xocalı
    XIZ: Xızı
    XVD: Xocavənd
    YAR: Yardımlı
    YE: Yevlax
    YEV: Yevlax
    ZAN: Zəngilan
    ZAQ: Zaqatala
    ZAR: Zərdab
BA:
    BIH: Federacija Bosne i Hercegovine
    BRC: Brčko distrikt
    SRP: Republika Srpska    
BE:
    BRU:
      default: Bruxelles-Capitale
      alt_de: Brüssel-Hauptstadt      
      alt_en: Brussels-Capital
      alt_nl: Brussels Hoofdstedelijk Gewest
    VLG:
      default: Vlaanderen
      alt_de: Flandern
      alt_en: Flanders
      alt_fr: Flandre
    WAL:
      default: Wallonie
      alt_de: Wallonien
      alt_en: Wallonia
      alt_nl: Wallonië
BF:
    BAL: Balé
    BAM: Bam
    BAN: Banwa
    BAZ: Bazèga ga
    BGR: Bougouriba
    BLG: Boulgou
    BLK: Boulkiemdé
    COM: Comoé
    GAN: Ganzourgou
    GNA: Gnagna
    GOU: Gourma
    HOU: Houet
    IOB: Ioba
    KAD: Kadiogo
    KEN: Kénédougou
    KMD: Komondjari
    KMP: Kompienga
    KOP: Koulpélogo
    KOS: Kossi
    KOT: Kouritenga
    KOW: Kourwéogo
    LER: Léraba
    LOR: Loroum
    MOU: Mouhoun
    NAM: Namentenga
    NAO: Nahouri
    NAY: Nayala
    NOU: Noumbiel
    OUB: Oubritenga
    OUD: Oudalan
    PAS: Passoré
    PON: Poni
    SEN: Séno
    SIS: Sissili
    SMT: Sanmatenga
    SNG: Sanguié
    SOM: Soum
    SOR: Sourou
    TAP: Tapoa
    TUI: Tuy
    YAG: Yagha
    YAT: Yatenga
    ZIR: Ziro
    ZON: Zondoma
    ZOU: Zoundwéogo
BI:
    BB: Bubanza
    BL: Bujumbura Rural
    BM: Bujumbura Mairie
    BR: Bururi
    CA: Cankuzo
    CI: Cibitoke
    GI: Gitega
    KI: Kirundo
    KR: Karuzi
    KY: Kayanza
    MA: Makamba
    MU: Muramvya
    MW: Mwaro
    MY: Muyinga
    NG: Ngozi
    RM: Rumonge
    RT: Rutana
    RY: Ruyigi
BJ:
    AK: Atacora
    AL: Alibori
    AQ: Atlantique
    BO: Borgou
    CO: Collines
    DO: Donga
    KO: Couffo
    LI: Littoral
    MO: Mono
    OU: Ouémé
    PL: Plateau
    ZO: Zou
BN:
    BE: Belait
    BM: Brunei-Muara
    TE: Temburong
    TU: Tutong
BO:
    B: El Beni
    C: Cochabamba
    H: Chuquisaca
    L: La Paz
    N: Pando
    O: Oruro
    P: Potosí
    S: Santa Cruz
    T: Tarija
BR:
    # http://en.wikipedia.org/wiki/States_of_Brazil
    AC: Acre
    AL: Alagoas
    AP: Amapá
    AM: Amazonas
    BA: Bahia
    CE: Ceará
    DF: Distrito Federal
    ES: Espírito Santo
    GO: Goiás
    MA: Maranhão
    MT: Mato Grosso
    MS: Mato Grosso do Sul
    MG: Minas Gerais
    PA: Pará
    PB: Paraíba
    PR: Paraná
    PE: Pernambuco
    PI: Piauí
    RJ: Rio de Janeiro
    RN: Rio Grande do Norte
    RS: Rio Grande do Sul
    RO: Rondônia
    RR: Roraima
    SC: Santa Catarina
    SP: São Paulo
    SE: Sergipe
    TO: Tocantins
BW:
    CE: Central
    CH: Chobe
    FR: Francistown
    GA: Gaborone
    GH: Ghanzi
    JW: Jwaneng
    KG: Kgalagadi
    KL: Kgatleng
    KW: Kweneng
    LO: Lobatse
    NE: North East
    NW: North West
    SE: South East
    SO: Southern
    SP: Selibe Phikwe
    ST: Sowa Town
BZ:
    BZ: Belize District
    CY: Cayo
    CZL: Corozal
    OW: Orange Walk
    SC: Stann Creek
    TOL: Toledo
CA:
    AB: Alberta
    BC:
      default: British Columbia
      alt_fr: Colombie-Britannique
    MB: Manitoba
    NB:
      default: New Brunswick
      alt_fr: Nouveau-Brunswick
    NL:
      default: Newfoundland and Labrador
      alt_fr: Terre-Neuve-et-Labrador
    NT:
      default: Northwest Territories
      alt_fr: Territoires du Nord-Ouest
    NS:
      default: Nova Scotia
      alt_fr: Nouvelle-Écosse
    NU: Nunavut
    "ON": Ontario
    PE:
      default: Prince Edward Island
      alt_fr: Île-du-Prince-Édouard
    QC:
      default: Quebec
      alt_fr: Québec
    SK: Saskatchewan
    YT: Yukon
CD:
    BC: Kongo Central
    BU: Bas-Uélé
    EQ: Équateur
    HK: Haut-Katanga
    HL: Haut-Lomami
    HU: Haut-Uélé
    IT: Ituri
    KC: Kasaï Central
    KE: Kasaï Oriental
    KG: Kwango
    KL: Kwilu
    KN: Kinshasa
    KS: Kasaï
    LO: Lomami
    LU: Lualaba
    MA: Maniema
    MN: Mai-Ndombe
    MO: Mongala
    NK: Nord-Kivu
    NU: Nord-Ubangi
    SA: Sankuru
    SK: Sud-Kivu
    SU: Sud-Ubangi
    TA: Tanganyika
    TO: Tshopo
    TU: Tshuapa
CF:
    AC: Ouham
    BB: Bamingui-Bangoran
    BGF: Bangui
    BK: Basse-Kotto
    HK: Haute-Kotto
    HM: Haut-Mbomou
    HS: Mambéré-Kadéï
    KB: Gribingui
    KG: Kémo‐Gribingui
    LB: Lobaye
    MB: Mbomou
    MP: Ombella-Mpoko
    NM: Nana-Mambéré
    OP: Ouham-Pendé
    SE: Sangha
    UK: Ouaka
    VK: Vakaga
CH:
    AG:
      default: Aargau
      alt_fr: Argovie
      alt_it: Argovia
    AI:
      default: Appenzell Innerrhoden
      alt_fr: Appenzell Rhodes-Intérieures
      alt_it: Appenzello Interno
    AR: 
      default: Appenzell Ausserrhoden
      alt_fr: Appenzell Rhodes-Extérieures
      alt_it: Appenzello Esterno
    BE:
      default: Bern
      alt_fr: Berne
      alt_it: Berna
    BL: 
      default: Basel-Landschaft
      alt_fr: Bâle-Campagne
      alt_it: Basilea Campagna
    BS:
      default: Basel-Stadt
      alt_en: Basel-City
      alt_fr: Bâle-Ville
      alt_it: Basilea Città   
    FR: 
      default: Fribourg
      alt_de: Freiburg
      alt_it: Friburgo
    GE: 
      default: Geneva
      alt_de: Genf
      alt_fr: Genève
      alt_it: Ginevra
    GL:
      default: Glarus
      alt_fr: Glaris
      alt_it: Glarona
    GR: 
      default: Graubünden
      alt_en: Grisons
      alt_fr: Grisons
      alt_it: Grigioni
    JU:
      default: Jura
      alt_it: Giura
    LU: 
      default: Luzern
      alt_fr: Lucerne
      alt_it: Lucerna
    NE: 
      default: Neuchâtel
      alt_de: Neuenburg
    NW: 
      default: Nidwalden
      alt_fr: Nidwald
      alt_it: Nidvaldo
    OW:
      default: Obwalden
      alt_fr: Obwald
      alt_it: Obvaldo   
    SG:
      default: Sankt Gallen
      alt_fr: Saint-Gall
      alt_it: San Gallo
    SH:
      default: Schaffhausen
      alt_fr: Schaffhouse
      alt_it: Sciaffusa   
    SO:
      default: Solothurn
      alt_fr: Soleure
      alt_it: Soletta
    SZ:
      default: Schwyz
      alt_it: Svitto
    TG:
      default: Thurgau
      alt_fr: Thurgovie
      alt_it: Turgovia
    TI:
      default: Ticino
      alt_de: Tessin
      alt_fr: Tessin
    UR: Uri
    VD:
      default: Vaud
      alt_de: Waadt
    VS:
      default: Valais/Wallis
      alt_de: Wallis
      alt_fr: Valais
      alt_it: Vallese
    ZG:
      default: Zug
      alt_fr: Zoug
      alt_it: Zugo
    ZH:
      default: Zürich
      alt_en: Zurich      
      alt_fr: Zurich
      alt_fr: Zurigo      
CI:    
    AB: Abidjan
    BS: Bas-Sassandra
    CM: Comoé
    DN: Denguélé
    GD: Gôh-Djiboua
    LC: Lacs
    LG: Lagunes
    MG: Montagnes
    SM: Sassandra-Marahoué
    SV: Savanes
    VB: Vallée du Bandama
    WR: Woroba
    YM: Yamoussoukro
    ZZ: Zanzan    
CL:
    AI: Aisén del General Carlos Ibañez del Campo
    AN: Antofagasta
    AP: Arica y Parinacota
    AR: La Araucanía
    AT: Atacama
    BI: Biobío
    CO: Coquimbo
    LI: Libertador General Bernardo O'Higgins
    LL: Los Lagos
    LR: Los Ríos
    MA: Magallanes
    ML: Maule
    RM: Región Metropolitana de Santiago
    TA: Tarapacá
    VS: Valparaíso
CM:
    AD: Adamaoua
    CE: Centre
    EN: Far North
    ES: East
    LT: Littoral
    NO: North
    NW: North-West
    OU: West
    SU: South
    SW: South-West
CO:
    AMA: Amazonas
    ANT: Antioquia
    ARA: Arauca
    ATL: Atlántico
    BOL: Bolívar
    BOY: Boyacá
    CAL: Caldas
    CAQ: Caquetá
    CAS: Casanare
    CAU: Cauca
    CES: Cesar
    CHO: Chocó
    COR: Córdoba
    CUN: Cundinamarca
    DC: Distrito Capital de Bogotá
    GUA: Guainía
    GUV: Guaviare
    HUI: Huila
    LAG: La Guajira
    MAG: Magdalena
    MET: Meta
    NAR: Nariño
    NSA: Norte de Santander
    PUT: Putumayo
    QUI: Quindío
    RIS: Risaralda
    SAN: Santander
    SAP: San Andrés
    SUC: Sucre
    TOL: Tolima
    VAC: Valle del Cauca
    VAU: Vaupés
    VID: Vichada
CR:
    A: Alajuela
    C: Cartago
    G: Guanacaste
    H: Heredia
    L: Limón
    P: Puntarenas
    SJ: San José
CV:
    BR: Brava
    BV: Boa Vista
    CA: Santa Catarina
    CF: Santa Catarina do Fogo
    CR: Santa Cruz
    MA: Maio
    MO: Mosteiros
    PA: Paul
    PN: Porto Novo
    PR: Praia
    RB: Ribeira Brava
    RG: Ribeira Grande
    RS: Ribeira Grande de Santiago
    SD: São Domingos
    SF: São Filipe
    SL: Sal
    SM: São Miguel
    SO: São Lourenço dos Órgãos
    SS: São Salvador do Mundo
    SV: São Vicente
    TA: Tarrafal
    TS: Tarrafal de São Nicolau
DE:
    BB: Brandenburg
    BE: Berlin
    BW: Baden-Württemberg
    BY:
      default: Bayern
      alt_en: Bavaria
    HB: Bremen
    HE:
      default: Hessen
      alt_en: Hesse
    HH: Hamburg
    MV: Mecklenburg-Vorpommern
    NI:
      default: Niedersachsen
      alt_en: Lower Saxony
    NW:
      default: Nordrhein-Westfalen
      alt_en: North Rhine-Westphalia
    RP:
      default: Rheinland-Pfalz
      alt_en: Rhineland-Palatinate
    SH: Schleswig-Holstein
    SL: Saarland
    SN:
      default: Sachsen
      alt_en: Saxony      
    ST:
      default: Sachsen-Anhalt
      alt_en: Saxony-Anhalt
    TH:
      default: Thüringen
      alt_en: Thuringia
DJ:
    AR: Arta
    AS: Ali Sabieh
    DI: Dikhil
    DJ: Djibouti
    OB: Obock
    TA: Tadjourah
EC:
    A: Azuay
    B: Bolívar
    C: Carchi
    D: Orellana
    E: Esmeraldas
    F: Cañar
    G: Guayas
    H: Chimborazo
    I: Imbabura
    L: Loja
    M: Manabí
    N: Napo
    O: El Oro
    P: Pichincha
    R: Los Ríos
    S: Morona-Santiago
    SD: Santo Domingo de los Tsáchilas
    SE: Santa Elena
    T: Tungurahua
    U: Sucumbíos
    W: Galápagos
    X: Cotopaxi
    Y: Pastaza
    Z: Zamora Chinchipe
ES:
    AN :
      default: Andalucía
      alt_en:  Andalusia      
    AR : 
      default: Aragón
      alt_en: Aragon    
    AS : Asturias
    CB : Cantabria
    CE : Ceuta
    CL : 
      default: Castilla y León
      alt_en: Castile and León
    CM :
      default: Castilla-La Mancha
      alt_en: Castile-La Mancha
    CN :
      default: Canarias
      alt_en: Canary Islands   
    CT :
      default: Cataluña
      alt_ca: Catalunya
      alt_en: Catalonia
    EX : Extremadura
    GA : Galicia
    IB :
      default: Islas Baleares
      alt_en: Balearic Islands    
    MC :
      default: Región de Murcia
      alt_en: Region of Murcia
    MD :
      default: Comunidad de Madrid
      alt_en: Community of Madrid
    ML : Melilla
    NC : Navarra
    PV :
      default: País Vasco
      alt_en: Autonomous Community of the Basque Country
      alt_eu: Euskadi
    RI :
      default: La Rioja
      alt_en: Rioja
    VC :
      default: Comunidad Valenciana
      alt_en: Valencian Community
FM:
    KSA: Kosrae
    PNI: Pohnpei
    TRK: Chuuk
    YAP: Yap
FR:
    ARA: Auvergne-Rhône-Alpes
    BFC: Bourgogne-Franche-Comté
    BRE:
      default: Bretagne
      alt_en: Brittany 
    CVL: Centre-Val de Loire
    COR:
      default: Corse
      alt_en: Corsica
    GES: Grand Est
    GF: Guyane
    GP: Guadeloupe
    HDF: Hauts-de-France
    IDF:
      default: Île-de-France
      alt_en: Ile-de-France
    MQ: Martinique
    NOR:
      default: Normandie
      alt_en: Normandy
    NAQ:
      default: Nouvelle-Aquitaine
      alt_en: New Aquitaine
    OCC:
      default: Occitanie
      alt_en: Occitania
    PDL: Pays de la Loire
    PAC: Provence-Alpes-Côte d'Azur
    RE: La Réunion
    YT: Mayotte
GB:
    ENG: England
    NIR: Northern Ireland
    SCT: Scotland
    WLS: Wales    
GH:
    AA: Greater Accra
    AH: Ashanti
    BA: Brong-Ahafo
    CP: Central
    EP: Eastern
    NP: Northern
    TV: Volta
    UE: Upper East
    UW: Upper West
    WP: Western
GL:
    KU: Kommune Kujalleq
    QA: Qaasuitsup Kommunia
    QE: Qeqqata Kommunia
    SM: Kommuneqarfik Sermersooq
GM:
    B: Banjul
    L: Lower River
    M: Central River
    N: North Bank
    U: Upper River
    W: Western
GN:
    BE: Beyla
    BF: Boffa
    BK: Boké
    CO: Coyah
    DB: Dabola
    DI: Dinguiraye
    DL: Dalaba
    DU: Dubréka
    FA: Faranah
    FO: Forécariah
    FR: Fria
    GA: Gaoual
    GU: Guékédou
    KA: Kankan
    KB: Koubia
    KD: Kindia
    KE: Kérouané
    KN: Koundara
    KO: Kouroussa
    KS: Kissidougou
    LA: Labé
    LE: Lélouma
    LO: Lola
    MC: Macenta
    MD: Mandiana
    ML: Mali
    MM: Mamou
    NZ: Nzérékoré
    PI: Pita
    SI: Siguiri
    TE: Télimélé
    TO: Tougué
    YO: Yomou
GQ:
    AN: Annobón
    BN: Bioko Norte
    BS: Bioko Sur
    CS: Centro Sur
    KN: Kié‐Ntem
    LI: Litoral
    WN: Wele‐Nzas
GT:
    AV: Alta Verapaz
    BV: Baja Verapaz
    CM: Chimaltenango
    CQ: Chiquimula
    ES: Escuintla
    GU: Guatemala
    HU: Huehuetenango
    IZ: Izabal
    JA: Jalapa
    JU: Jutiapa
    PE: Petén
    PR: El Progreso
    QC: Quiché
    QZ: Quetzaltenango
    RE: Retalhuleu
    SA: Sacatepéquez
    SM: San Marcos
    SO: Sololá
    SR: Santa Rosa
    SU: Suchitepéquez
    TO: Totonicapán
    ZA: Zacapa
GW:
    BA: Bafatá
    BL: Bolama
    BM: Biombo
    BS: Bissau
    CA: Cacheu
    GA: Gabú
    OI: Oio
    QU: Quinara
    TO: Tombali
GY:
    BA: Barima-Waini
    CU: Cuyuni-Mazaruni
    DE: Demerara-Mahaica
    EB: East Berbice-Corentyne
    ES: Essequibo Islands-West Demerara
    MA: Mahaica-Berbice
    PM: Pomeroon-Supenaam
    PT: Potaro-Siparuni
    UD: Upper Demerara-Berbice
    UT: Upper Takutu-Upper Essequibo
HN:
    AT: Atlántida
    CH: Choluteca
    CL: Colón
    CM: Comayagua
    CP: Copán
    CR: Cortés
    EP: El Paraíso
    FM: Francisco Morazán
    GD: Gracias a Dios
    IB: Islas de la Bahía
    IN: Intibucá
    LE: Lempira
    LP: La Paz
    OC: Ocotepeque
    OL: Olancho
    SB: Santa Bárbara
    VA: Valle
    YO: Yoro
HT:
    AR: Artibonite
    CE: Centre
    GA: Grande’Anse
    ND: Nord
    NE: Nord-Est
    NI: Nippes
    NO: Nord-Ouest
    OU: Ouest
    SD: Sud
    SE: Sud-Est
HU:
    BA: Baranya
    BC: Békéscsaba
    BE: Békés
    BK: Bács-Kiskun
    BU: Budapest
    BZ: Borsod-Abaúj-Zemplén
    CS: Csongrád
    DE: Debrecen
    DU: Dunaújváros
    EG: Eger
    ER: Érd
    FE: Fejér
    GS: Győr‐Moson‐Sopron
    GY: Győr
    HB: Hajdú-Bihar
    HE: Heves
    HV: Hódmezővásárhely
    JN: Jász-Nagykun-Szolnok
    KE: Komárom-Esztergom
    KM: Kecskemét
    KV: Kaposvár
    MI: Miskolc
    NK: Nagykanizsa
    NO: Nógrád
    NY: Nyíregyháza
    PE: Pest
    PS: Pécs
    SD: Szeged
    SF: Székesfehérvár
    SH: Szombathely
    SK: Szolnok
    SN: Sopron
    SO: Somogy
    SS: Szekszárd
    ST: Salgótarján
    SZ: Szabolcs-Szatmár-Bereg
    TB: Tatabánya
    TO: Tolna
    VA: Vas
    VE: Veszprém
    VM: Veszprém
    ZA: Zala
    ZE: Zalaegerszeg
IE:
    C: Connacht
    L: Leinster
    M: Munster
    U: Ulster
IN:
    AN: Andaman and Nicobar Islands
    AP: Andhra Pradesh
    AR: Arunachal Pradesh
    AS: Assam
    BR: Bihar
    CH: Chandigarh
    CT: Chhattisgarh
    DD: Daman and Diu
    DL: Delhi
    DN: Dadra and Nagar Haveli
    GA: Goa
    GJ: Gujarat
    HP: Himachal Pradesh
    HR: Haryana
    JH: Jharkhand
    JK: Jammu and Kashmir
    KA: Karnataka
    KL: Kerala
    LD: Lakshadweep
    MH: Maharashtra
    ML: Meghalaya
    MN: Manipur
    MP: Madhya Pradesh
    MZ: Mizoram
    NL: Nagaland
    OR: Odisha
    PB: Punjab
    PY: Puducherry
    RJ: Rajasthan
    SK: Sikkim
    TG: Telangana
    TN: Tamil Nadu
    TR: Tripura
    UP: Uttar Pradesh
    UT: Uttarakhand
    WB: West Bengal    
IT:
    ABR: Abruzzo
    BAS: Basilicata
    CAL: Calabria
    CAM: Campania
    EMI: Emilia-Romagna
    FRI: Friuli Venezia Giulia
    LAZ: Lazio
    LIG: Liguria
    LOM: Lombardia
    MAR: Marche
    MOL: Molise
    PIE: Piemonte
    PUG: Puglia
    SAR: Sardegna
    SIC: Sicilia
    TOS: Toscana
    TRE:
      default: Trentino-Alto Adige/Südtirol
      alt_de: Trentino-Südtirol
      alt_it: Trentino-Alto Adige
    UMB: Umbria
    VAL: Valle d'Aosta
    VEN: Veneto
KI:
    G: Gilbert Islands
    L: Line Islands
    P: Phoenix Islands
KM:
    A: Anjouan
    G: Grande Comore
    M: Mohéli
LR:
    BG: Bong
    BM: Bomi
    CM: Grand Cape Mount
    GB: Grand Bassa
    GG: Grand Gedeh
    GK: Grand Kru
    GP: Gbarpolu
    LO: Lofa
    MG: Margibi
    MO: Montserrado
    MY: Maryland
    NI: Nimba
    RG: River Gee
    RI: River Cess
    SI: Sinoe
LS:
    A: Maseru
    B: Butha-Buthe
    C: Leribe
    D: Berea
    E: Mafeteng
    F: Mohale's Hoek
    G: Quthing
    H: Qacha's Nek
    J: Mokhotlong
    K: Thaba-Tseka
MD:
    AN: Anenii Noi
    BA: Bălţi
    BD: Bender [Tighina]
    BR: Briceni
    BS: Basarabeasca
    CA: Cahul
    CL: Călăraşi
    CM: Cimişlia
    CR: Criuleni
    CS: Căuşeni
    CT: Cantemir
    CU: Chişinău
    DO: Donduşeni
    DR: Drochia
    DU: Dubăsari
    ED: Edineţ
    FA: Făleşti
    FL: Floreşti
    GA: Găgăuzia
    GL: Glodeni
    HI: Hînceşti
    IA: Ialoveni
    LE: Leova
    NI: Nisporeni
    OC: Ocniþa
    OR: Orhei
    RE: Rezina
    RI: Rîşcani
    SD: Şoldăneşti
    SI: Sîngerei
    SN: Stînga Nistrului
    SO: Soroca
    ST: Străşeni
    SV: Ştefan Vodă
    TA: Taraclia
    TE: Teleneşti
    UN: Ungheni
MG:
    A: Toamasina
    D: Antsiranana
    F: Fianarantsoa
    M: Mahajanga
    T: Antananarivo
    U: Toliara
MX:
    AGU: Aguascalientes
    BCN: Baja California
    BCS: Baja California Sur
    CAM: Campeche
    CHH: Chihuahua
    CHP: Chiapas
    CMX:
      default: Ciudad de México
      alt_en: Mexico City
    COA: Coahuila de Zaragoza
    COL: Colima
    DUR: Durango
    GRO: Guerrero
    GUA: Guanajuato
    HID: Hidalgo
    JAL: Jalisco
    MEX: México
    MIC:
      default: Michoacán de Ocampo
      alt_en: Michoacán
    MOR: Morelos
    NAY: Nayarit
    NLE: Nuevo León
    OAX: Oaxaca
    PUE: Puebla
    QUE: Querétaro
    ROO: Quintana Roo
    SIN: Sinaloa
    SLP: San Luis Potosí
    SON: Sonora
    TAB: Tabasco
    TAM: Tamaulipas
    TLA: Tlaxcala
    VER:
      default: Veracruz de Ignacio de la Llave
      alt_en: Veracruz
    YUC: Yucatán
    ZAC: Zacatecas
MZ:
    A: Niaosa
    B: Manica
    G: Gaza
    I: Inhambane
    L: Maputo
    MPM: Maputo
    N: Nampula
    P: Cabo Delgado
    Q: Zambézia
    S: Sofala
    T: Tete
NA:
    CA: Zambezi
    ER: Erongo
    HA: Hardap
    KA: Karas
    KE: Kavango East
    KH: Khomas
    KU: Kunene
    KW: Kavango West
    OD: Otjozondjupa
    OH: Omaheke
    ON: Oshana
    OS: Omusati
    OT: Oshikoto
    OW: Ohangwena
NG:
    AB: Abia
    AD: Adamawa
    AK: Akwa Ibom
    AN: Anambra
    BA: Bauchi
    BE: Benue
    BO: Borno
    BY: Bayelsa
    CR: Cross River
    DE: Delta
    EB: Ebonyi
    ED: Edo
    EK: Ekiti
    EN: Enugu
    FC: Abuja Capital Territory
    GO: Gombe
    IM: Imo
    JI: Jigawa
    KD: Kaduna
    KE: Kebbi
    KN: Kano
    KO: Kogi
    KT: Katsina
    KW: Kwara
    LA: Lagos
    NA: Nasarawa
    NI: Niger
    OG: Ogun
    ON: Ondo
    OS: Osun
    OY: Oyo
    PL: Plateau
    RI: Rivers
    SO: Sokoto
    TA: Taraba
    YO: Yobe
    ZA: Zamfara
NI:
    AN: Atlántico Norte
    AS: Atlántico Sur
    BO: Boaco
    CA: Carazo
    CI: Chinandega
    CO: Chontales
    ES: Estelí
    GR: Granada
    JI: Jinotega
    LE: León
    MD: Madriz
    MN: Managua
    MS: Masaya
    MT: Matagalpa
    NS: Nueva Segovia
    RI: Rivas
    SJ: Río San Juan
NL:
    DR: Drenthe
    FL: Flevoland
    FR: Friesland
    GE: Gelderland
    GR: Groningen
    LI: Limburg
    NB:
      default: Noord-Brabant
      alt_en: North Brabant
    NH:
      default: Noord-Holland
      alt_en: North Holland
    OV: Overijssel
    UT: Utrecht
    ZE: Zeeland
    ZH:
      default: Zuid-Holland
      alt_en: South Holland
NZ:
    AUK: Auckland
    BOP: Bay of Plenty
    CAN: Canterbury
    CIT: Chatham Islands Territory
    GIS: Gisborne
    HKB: Hawkes's Bay
    MBH: Marlborough
    MWT: Manawatu-Wanganui
    NSN: Nelson
    NTL: Northland
    OTA: Otago
    STL: Southland
    TAS: Tasman
    TKI: Taranaki
    WGN: Wellington
    WKO: Waikato
    WTC: West Coast
PE:
    AMA: Amazonas
    ANC: Ancash
    APU: Apurímac
    ARE: Arequipa
    AYA: Ayacucho
    CAJ: Cajamarca
    CAL: El Callao
    CUS: Cuzco
    HUC: Huánuco
    HUV: Huancavelica
    ICA: Ica
    JUN: Junín
    LAL: La Libertad
    LAM: Lambayeque
    LIM: Lima
    LMA: Lima hatun llaqta
    LOR: Loreto
    MDD: Madre de Dios
    MOQ: Moquegua
    PAS: Pasco
    PIU: Piura
    PUN: Puno
    SAM: San Martín
    TAC: Tacna
    TUM: Tumbes
    UCA: Ucayali
PG:
    CPK: Chimbu
    CPM: Central
    EBR: East New Britain
    EHG: Eastern Highlands
    EPW: Enga
    ESW: East Sepik
    GPK: Gulf
    HLA: Hela
    JWK: Jiwaka
    MBA: Milne Bay
    MPL: Morobe
    MPM: Madang
    MRL: Manus
    NCD: National Capital District
    NIK: New Ireland
    NPP: Northern
    NSB: Bougainville
    SAN: West Sepik
    SHM: Southern Highlands
    WBK: West New Britain
    WHM: Western Highlands
    WPD: Western
PK:
    BA: Balochistan
    GB: Gilgit-Baltistan
    IS: Islamabad
    JK: Azad Jammu and Kashmir
    KP: Khyber Pakhtunkhwa
    PB: Punjab
    SD: Sindh
    TA: Federally Administered Tribal Areas
PL:
    DS:
      default: województwo dolnośląskie
      alt_en: Lower Silesian Voivodeship
    KP:
      default: województwo kujawsko-pomorskie
      alt_en: Kuyavian-Pomeranian Voivodeship       
    LB:
      default: województwo lubuskie
      alt_en: Lubusz Voivodeship      
    LD:
      default: województwo łódzkie
      alt_en: Łódź Voivodeship       
    LU:
      default: województwo lubelskie
      alt_en: Lublin Voivodeship
    MA:
      default: województwo mazowieckie
      alt_en: Masovian Voivodeship      
    MP:
      default: województwo małopolskie
      alt_en: Lesser Poland Voivodeship       
    OP:
      default: województwo opolskie
      alt_en: Opole Voivodeship      
    PD:
      default: województwo podlaskie
      alt_en: Podlaskie Voivodeship
    PK:
      default: województwo podkarpackie
      alt_en: Subcarpathian Voivodeship      
    PM:
      default: województwo pomorskie
      alt_en: Pomeranian Voivodeship      
    SK:
      default: województwo świętokrzyskie
      alt_en: Świętokrzyskie Voivodeship      
    SL:
      default: województwo śląskie
      alt_en: Silesian Voivodeship
    WM:
      default: województwo warmińsko-mazurskie
      alt_en: Warmian-Masurian Voivodeship
    WP:
      default: województwo wielkopolskie
      alt_en: Greater Poland Voivodeship
    ZP:
      default: województwo zachodniopomorskie
      alt_en: West Pomeranian Voivodeship
RO:
    AB: Alba
    AG: Argeş
    AR: Arad
    B: Bucureşti
    BC: Bacău
    BH: Bihor
    BN: Bistriţa-Năsăud
    BR: Brāila
    BT: Botoşani
    BV: Braşov
    BZ: Buzău
    CJ: Cluj
    CL: Călărasi
    CS: Caraş-Severin
    CT: Constarţa
    CV: Covasna
    DB: Dâmboviţa
    DJ: Dolj
    GJ: Gorj
    GL: Galaţi
    GR: Giurgiu
    HD: Hunedoara
    HR: Harghita
    IF: Ilfov
    IL: Ialomiţa
    IS: Iaşi
    MH: Mehedinţi
    MM: Maramureş
    MS: Mureş
    NT: Neamţ
    OT: Olt
    PH: Prahova
    SB: Sibiu
    SJ: Sălaj
    SM: Satu Mare
    SV: Suceava
    TL: Tulcea
    TM: Timiş
    TR: Teleorman
    VL: Vâlcea
    VN: Vrancea
    VS: Vaslui
SE:
    AB: Stockholms län
    AC: Västerbottens län
    BD: Norrbottens län
    C: Uppsala län
    D: Södermanlands län
    E: Östergötlands län
    F: Jönköpings län
    G: Kronoborgs län
    H: Kalmar län
    I: Gotlands län
    K: Blekinge län
    M: Skåne län
    N: Hallands län
    O: Västra Götalands län
    S: Värmlands län
    T: Örebro län
    U: Västmanlands län
    W: Dalarnes län
    X: Gävleborgs län
    Y: Västernorrlands län
    Z: Jämtlands län
SH:
    AC: Ascension
    HL: Saint Helena
    TA: Tristan da Cunha
SL:    
    E: Eastern
    N: Northern
    S: Southern
    W: Western Area
SN:
    DB: Diourbel
    DK: Dakar
    FK: Fatick
    KA: Kaffrine
    KD: Kolda
    KE: Kédougou
    KL: Kaolack
    LG: Louga
    MT: Matam
    SE: Sédhiou
    SL: Saint-Louis
    TC: Tambacounda
    TH: Thiès
    ZG: Ziguinchor
SO:
    AW: Awdal
    BK: Bakool
    BN: Banaadir
    BR: Bari
    BY: Bay
    GA: Galguduud
    GE: Gedo
    HI: Hiiraan
    JD: Jubbada Dhexe
    JH: Jubbada Hoose
    MU: Mudug
    NU: Nugaal
    SA: Sanaag
    SD: Shabeellaha Dhexe
    SH: Shabeellaha Hoose
    SO: Sool
    TO: Togdheer
    WO: Woqooyi Galbeed
SR:
    BR: Brokopondo
    CM: Commewijne
    CR: Coronie
    MA: Marowijne
    NI: Nickerie
    PM: Paramaribo
    PR: Para
    SA: Saramacca
    SI: Sipaliwini
    WA: Wanica
SS:
    BN: Northern Bahr el Ghazal
    BW: Western Bahr el Ghazal
    EC: Central Equatoria
    EE: Eastern Equatoria
    EW: Western Equatoria
    JG: Jonglei
    LK: Lakes
    NU: Upper Nile
    UY: Unity
    WR: Warrap
SV:
    AH: Departamento de Ahuachapán
    CA: Departamento de Cabañas
    CH: Departamento de Chalatenango
    CU: Departamento de Cuscatlán
    LI: La Libertad
    MO: Departamento de Morazán
    PA: Departamento de La Paz
    SA: Departamento de Santa Ana
    SM: Departamento de San Miguel
    SO: Departamento de Sonsonate
    SS: Departamento de San Salvador
    SV: San Vicente
    UN: Departamento de La Unión
    US: Departamento de Usulután
TD:
    BA: Batha
    BG: Baḩr al Ghazāl
    BO: Būrkū
    CB: Chari-Baguirmi
    EE: Ennedi-Est
    EO: Ennedi-Ouest
    GR: Guéra
    HL: Hadjer Lamis
    KA: Kanem
    LC: Lac
    LO: Logone-Occidental
    LR: Logone-Oriental
    MA: Mandoul
    MC: Moyen-Chari
    ME: Mayo‐Kebbi‐Est
    MO: Mayo‐Kebbi‐Ouest
    ND: Ville de Ndjamena
    OD: Ouaddaï
    SA: Salamat
    SI: Sīlā
    TA: Tandjilé
    TI: Tibastī
    WF: Wadi Fira
TG:
    C: Centrale
    K: Kara
    M: Maritime
    P: Plateaux
    S: Savanes
TL:
    AL: Aileu
    AN: Ainaro
    BA: Baucau
    BO: Bobonaro
    CO: Cova Lima
    DI: Díli
    ER: Ermera
    LA: Lautem
    LI: Liquiça
    MF: Manufahi
    MT: Manatuto
    OE: Oecussi
    VI: Viqueque
TT:
    ARI: Arima
    CHA: Chaguanas
    CTT: Couva-Tabaquite-Talparo
    DMN: Diego Martin
    MRC: Mayaro-Rio Claro
    PED: Penal-Debe
    POS: Port of Spain
    PRT: Princes Town
    PTF: Point Fortin
    SFO: San Fernando
    SGE: Sangre Grande
    SIP: Siparia
    SJL: San Juan-Laventille
    TOB: Tobago
    TUP: Tunapuna-Piarco
US:
    # http://en.wikipedia.org/wiki/List_of_states_and_territories_of_the_United_States
    AL: Alabama
    AK: Alaska
    AS: American Samoa
    AZ: Arizona
    AR: Arkansas
    CA: California
    CO: Colorado
    CT: Connecticut
    DE: Delaware
    DC: District of Columbia
    FL: Florida
    FM: Micronesia
    GA: Georgia
    GU: Guam
    HI: Hawaii
    ID: Idaho
    IL: Illinois
    IN: Indiana
    IA: Iowa
    KS: Kansas
    KY: Kentucky
    LA: Louisiana
    ME: Maine
    MD: Maryland
    MA: Massachusetts
    MH: Marshall Islands
    MI: Michigan
    MN: Minnesota
    MS: Mississippi
    MO: Missouri
    MP: Northern Mariana Islands
    MT: Montana
    NE: Nebraska
    NV: Nevada
    NH: New Hampshire
    NJ: New Jersey
    NM: New Mexico
    NY: New York
    NC: North Carolina
    ND: North Dakota
    OH: Ohio
    OK: Oklahoma
    OR: Oregon
    PA: Pennsylvania
    PR: Puerto Rico
    PW: Palau
    RI: Rhode Island
    SC: South Carolina
    SD: South Dakota
    TN: Tennessee
    TX: Texas
    UM: US Minor Outlying Islands
    UT: Utah
    VT: Vermont
    VA: Virginia
    VI: US Virgin Islands
    WA: Washington
    WV: West Virginia
    WI: Wisconsin
    WY: Wyoming
UY:
    AR: Artigas
    CA: Canelones
    CL: Cerro Largo
    CO: Colonia
    DU: Durazno
    FD: Florida
    FS: Flores
    LA: Lavalleja
    MA: Maldonado
    MO: Montevideo
    PA: Paysandú
    RN: Río Negro
    RO: Rocha
    RV: Rivera
    SA: Salto
    SJ: San José
    SO: Soriano
    TA: Tacuarembó
    TT: Treinta y Tres
UZ:
    AN: Andijon Region
    BU: Bukhara Region
    FA: Fergana Region
    JI: Jizzakh Region
    NG: Namangan Region
    NW: Navoiy Region
    QA: Qashqadaryo Region
    QR: Republic of Karakalpakstan
    SA: Samarqand Region
    SI: Sirdaryo Region
    SU: Surxondaryo Region
    TK: Tashkent
    TO: Tashkent Region
    XO: Xorazm Region
VE:
    A: Distrito Capital
    B: Anzoátegui
    C: Apure
    D: Aragua
    E: Barinas
    F: Bolívar
    G: Carabobo
    H: Cojedes
    I: Falcón
    J: Guárico
    K: Lara
    L: Mérida
    M: Miranda
    N: Monagas
    O: Nueva Esparta
    P: Portuguesa
    R: Sucre
    S: Táchira
    T: Trujillo
    U: Yaracuy
    V: Zulia
    W: Dependencias Federales
    X: La Guaira
    Y: Delta Amacuro
    Z: Amazonas    
ZA:
    EC: Eastern Cape
    FS: Free State
    GT: Gauteng
    LP: Limpopo
    MP: Mpumalanga
    NC: Northern Cape
    NL: Kwazulu-Natal
    NW: North-West
    WC: Western Cape
ZW:
    BU: Bulawayo
    HA: Harare
    MA: Manicaland
    MC: Mashonaland Central
    ME: Mashonaland East
    MI: Midlands
    MN: Matabeleland North
    MS: Matabeleland South
    MV: Masvingo
    MW: Mashonaland West

