---
description: no repetition
components:
    city: Berlin
    country: Germany
    country_code: DE
    state: Berlin
expected: Berlin, Germany

---
description: Moabit!
components:
    city: Berlin
    city_district: Mitte
    country: Germany
    country_code: de
    state: Berlin
    suburb: Moabit
expected: Moabit, Berlin, Germany

---
description: Alt-berlin
components:
            city: Alt-Berlin
            city_district: Mitte
            country: Germany
            country_code: de
            house_number: 7
            neighbourhood: Scheunenviertel
            pedestrian: Gontardstraße
            postcode: 10178
            state: Berlin
            suburb: Mitte
expected: Gontardstraße 7, 10178 Berlin, Germany

---
description: Köln, NRW 
components:
    country: Germany
    country_code: de
    county: Cologne
    state: North Rhine-Westphalia
    state_district: Regierungsbezirk Köln
expected: Cologne, Germany

---
description: Köln, hamlet
components:
    country: Germany
    country_code: de
    county: Bayern
    hamlet: Köln
    state: Free State of Bavaria
    state_district: Upper Bavaria
expected: Köln, Bayern, Germany

---
description: Bonn formatting
components:
    address100: Bonn
    country: Germany
    country_code: de
expected: Bonn, Germany

---
description: Fabisch
components:
    city: Berlin
    city_district: Mitte
    country: Germany
    country_code: DE
    house_number: 1
    neighbourhood: Scheunenviertel
    postcode: 10119
    restaurant: Fabisch
    road: Rosenthaler Straße
    state: Berlin
    suburb: Mitte
expected: Fabisch, Rosenthaler Straße 1, 10119 Berlin, Germany

---
description: Fabisch no city
components:
    city_district: Mitte
    country: Germany
    country_code: DE
    house_number: 1
    neighbourhood: Scheunenviertel
    postcode: 10119
    restaurant: Fabisch
    road: Rosenthaler Straße
    state: Berlin
    suburb: Mitte
expected: Fabisch, Rosenthaler Straße 1, 10119 Berlin, Germany

---
description: Heyerode
components:
    city_district: Heyerode
    continent: Europa
    country: Germany
    country_code: de
    county: Südeichsfeld
    postcode: 99988
    state: Thüringen
    village: Heyerode
expected: 99988 Heyerode, Germany

---
description: Berlin state
components:
    country: Germany
    country_code: de
    state: Berlin
expected: Berlin, Germany

---
description: no middle comma
components:
    city: Landstuhl
    country: Germany
    country_code: de
    county: Landstuhl
    postcode: 66849
    road: Bahnstraße
    state: Rhineland-Palatinate
    station: Landstuhl
    suburb: Melkerei
expected: Landstuhl, Bahnstraße, 66849 Landstuhl, Germany
